"","pais","any","avgTE","valor_taula","variacio_borsa","pais_divisa","variacio_divisa","iso2c","country","year","NY.GDP.MKTP.KD.ZG","EN.ATM.CO2E.PC","TM.VAL.MRCH.XD.WD","NY.GDP.DEFL.KD.ZG","TX.VAL.MRCH.XD.WD","NY.GDP.PCAP.KD.ZG"
"1","andorra","2001",NA,NA,NA,"europe",NA,"AD","andorra",2001,8.11935772169949,7.72154906153481,102.9750577,3.08053517916559,115.6460263,4.98225233757914
"2","andorra","2002",NA,NA,NA,"europe",NA,"AD","andorra",2002,4.54636221364653,7.56624029237094,118.5394088,3.23953176987777,140.6434568,0.510652936783501
"3","andorra","2003",85,NA,NA,"europe",NA,"AD","andorra",2003,8.69420371612468,7.24241596064499,149.5232861,3.17748421556476,198.8923194,4.04224626820309
"4","andorra","2004",90,NA,NA,"europe",0.0481743582989481,"AD","andorra",2004,8.13567633837351,7.34426229508197,174.0924556,3.04242399802695,271.811483,3.78188582874981
"5","andorra","2005",90,NA,NA,"europe",-0.0692219464860753,"AD","andorra",2005,5.39779598500422,7.35378022340277,178.0634929,3.39610212995052,314.8920506,1.89527131463494
"6","andorra","2006",90,NA,NA,"europe",0.0719919002012602,"AD","andorra",2006,4.80868869916921,6.79054262608803,176.6678856,3.45718408670396,364.8432198,2.06020231362646
"7","andorra","2007",90,"STOXX50E",NA,"europe",0.14144086173428,"AD","andorra",2007,1.55318814103222,6.53104666070003,190.3005277,3.21122734131436,332.78037,-0.518849647046451
"8","andorra","2008",85,"STOXX50E",-0.410203556449068,"europe",-0.135488458482761,"AD","andorra",2008,-5.55918636850581,6.43930360124016,191.7003071,2.27433831984322,306.8658343,-6.88581740186976
"9","andorra","2009",80,"STOXX50E",0.241329874574917,"europe",0.0798343162666845,"AD","andorra",2009,-5.30284654348291,6.15668770201632,159.1081852,0.132136132405464,221.6633517,-5.9766840451389
"10","andorra","2010",75,"STOXX50E",0.0636696520974519,"europe",-0.0219198180578716,"AD","andorra",2010,-1.97495799965345,6.1571980012788,152.2300213,0.374313758110119,203.6640571,-1.96683315898277
"11","andorra","2011",75,"STOXX50E",-0.18180001972847,"europe",-0.0319161320173641,"AD","andorra",2011,-0.00806975341139093,5.85088599130725,159.8572663,0.196764152031051,251.5444965,0.834867424241708
"12","andorra","2012",70,"STOXX50E",0.118477600666221,"europe",0.0326319658862505,"AD","andorra",2012,-4.97444371853503,5.94465405752969,140.097863,0.174556905779482,233.7345706,-3.45153545003302
"13","andorra","2013",70,"STOXX50E",0.115050789610362,"europe",-0.000705318410358302,"AD","andorra",2013,-3.54759651549344,5.94280054475672,146.9617935,0.448492200194735,218.3544885,-1.5688713381525
"14","andorra","2014",65,"STOXX50E",0.111972283761868,"europe",-0.167479055991067,"AD","andorra",2014,2.50446552114518,5.8071276179415,153.7658718,-0.0840193165570753,209.926574,4.51927941301172
"15","andorra","2015",57.5,"STOXX50E",-0.091408426942776,"europe",-0.0409329940928209,"AD","andorra",2015,1.43414039522716,6.02618183683151,127.8462948,0.660588959137868,197.4494233,3.02081678005885
"16","andorra","2016",55,"STOXX50E",0.0609472424909092,"europe",-0.0108369642829102,"AD","andorra",2016,3.70967806978986,6.08060029756129,133.8092861,0.347795381575793,213.7988177,4.64621154922207
"17","andorra","2017",60,"STOXX50E",0.11719208184316,"europe",0.158842574045696,"AD","andorra",2017,0.346071889630295,6.10413392729587,146.0822095,1.13650934319639,260.2428889,0.734439351000333
"18","andorra","2018",65,"STOXX50E",-0.124639500328059,"europe",-0.0742910511806614,"AD","andorra",2018,1.58876549046354,5.97340536048203,159.0373988,1.01247848005298,285.5744186,1.57425431733354
"19","andorra","2019",60,"STOXX50E",0.152394574452617,"europe",-0.0399141686942064,"AD","andorra",2019,2.01554763848308,NA,173.1415092,1.37475350829189,313.3716695,1.83306059347608
"20","andorra","2020",60,"STOXX50E",-0.0437994827815998,"europe",0.100630784114431,"AD","andorra",2020,-11.9560584192697,NA,NA,1.05752532730277,NA,-12.091659649427
"21","andorra","2021",60,NA,NA,"europe",NA,NA,NA,NA,NA,NA,NA,NA,NA,NA
"22","china","2001",70,"000001.SS",-0.277855956047671,"china",NA,"CN","china",2001,8.3357334781433,2.77292919762551,108.2342328,2.04704945731334,106.7796134,7.55165483155264
"23","china","2002",70,"000001.SS",0.00546362741427776,"china",4.83296079259431e-05,"CN","china",2002,9.13363078993316,2.97432833489535,131.1726749,0.602099078003945,130.6549279,8.40487997514565
"24","china","2003",68.75,"000001.SS",0.0606168537962311,"china",-0.00122026362527028,"CN","china",2003,10.038030481108,3.42541136293077,183.4293231,2.60317771895693,175.8518156,9.35477664390774
"25","china","2004",65,"000001.SS",-0.250769304511908,"china",-3.61687714714338e-05,"CN","china",2004,10.1136213780461,3.95180062882163,249.4085075,6.9519926804569,238.0894291,9.4615587704991
"26","china","2005",72.5,"000001.SS",0.0555644782078622,"china",-0.0247385199614686,"CN","china",2005,11.3945918097286,4.46347375203265,293.2811611,3.90374426923287,305.75595,10.7413751264029
"27","china","2006",75,"000001.SS",1.21481163207781,"china",-0.0368643016621185,"CN","china",2006,12.7209556651735,4.90603499565224,351.7229273,3.92654939664587,388.8307926,12.0933046939024
"28","china","2007",77.5,"000001.SS",0.573175202319115,"china",-0.0762157428394808,"CN","china",2007,14.2308609330803,5.30259468770037,424.8951223,7.74968649314771,489.7437029,13.6358205006408
"29","china","2008",80,"000001.SS",-0.545863911352001,"china",-0.0478600306705702,"CN","china",2008,9.65067891955702,5.43161049480808,503.3094248,7.79534603682124,574.1074546,9.09028010153618
"30","china","2009",80,"000001.SS",0.501661018965044,"china",-0.00187416724014224,"CN","china",2009,9.39872563237978,5.79534426032481,447.0292058,-0.209533360982732,482.1819962,8.85594767555551
"31","china","2010",85,"000001.SS",-0.0664364339554287,"china",-0.0358520735231558,"CN","china",2010,10.6358710646812,6.33216591101925,620.4880368,6.88138025315708,633.1199865,10.1028326227139
"32","china","2011",85,"000001.SS",-0.178480323740192,"china",-0.0393914035755039,"CN","china",2011,9.55083217886229,6.90279214064116,774.7991325,8.07568446695551,761.7809577,9.02717442496261
"33","china","2012",85,"000001.SS",0.0404831208397006,"china",-0.0149043335022808,"CN","china",2012,7.86373644866194,7.05800347228649,808.0938033,2.33121757577324,822.1064754,7.33946899391793
"34","china","2013",85,"000001.SS",-0.147705141238359,"china",-0.0270922099847254,"CN","china",2013,7.766150097539,7.32048505208564,866.5697881,2.16337002683569,886.4279322,7.23540946971035
"35","china","2014",85,"000001.SS",0.579061466928555,"china",0.0313997686332837,"CN","china",2014,7.42576365645755,7.25291914357129,870.67735,1.03106368767851,939.9136447,6.88322917897656
"36","china","2015",85,"000001.SS",-0.147261519507708,"china",0.0586768146130428,"CN","china",2015,7.04132887865481,7.16911217747699,746.3941624,-0.00294409357314862,912.2955984,6.49879213348869
"37","china","2016",85,"000001.SS",0.153991051617796,"china",0.041393921360358,"CN","china",2016,6.84876220503246,7.11870541429571,705.6691731,1.4073460272495,841.7362552,6.27176269128802
"38","china","2017",80,"000001.SS",0.101820224189193,"china",-0.0813289345560771,"CN","china",2017,6.94720079327288,7.22576899079988,819.375711,4.23268197526643,908.2338495,6.35090474335061
"39","china","2018",80,"000001.SS",-0.257484626507541,"china",0.0623942035405229,"CN","china",2018,6.74977383247717,7.40521134749736,949.1200939,3.4997476356901,997.8591751,6.26420964040209
"40","china","2019",80,"000001.SS",0.151652208495373,"china",0.0327898146079965,"CN","china",2019,5.94971423273162,NA,923.6287685,1.28745207725503,1002.980301,5.57184082831787
"41","china","2020",80,"000001.SS",0.170178477429554,"china",-0.073402828842078,"CN","china",2020,2.29999999995441,NA,NA,0.671929892061129,NA,1.97918889499289
"42","china","2021",80,NA,NA,"china",NA,NA,NA,NA,NA,NA,NA,NA,NA,NA
"43","cyprus","2001",75,NA,NA,"europe",NA,"CY","cyprus",2001,3.95256054086292,7.21669023632838,101.992268,3.66030474513524,102.6232004,2.83812266123225
"44","cyprus","2002",80,NA,NA,"europe",NA,"CY","cyprus",2002,3.72295649883057,7.27761810008107,106.2300299,0.296405181775867,88.63868642,2.54106759017458
"45","cyprus","2003",80,NA,NA,"europe",NA,"CY","cyprus",2003,2.6232861229859,7.82034739653892,116.1094746,5.38767398576752,97.05042416,1.38361805113176
"46","cyprus","2004",80,NA,NA,"europe",0.0481743582989481,"CY","cyprus",2004,5.02634392575987,7.63056580991875,143.0319756,2.7092681879025,99.63535117,3.63081132212541
"47","cyprus","2005",80,NA,NA,"europe",-0.0692219464860753,"CY","cyprus",2005,4.85300383835666,7.65819723896203,164.2023778,2.01949511307544,154.0229136,3.35376517757598
"48","cyprus","2006",80,NA,NA,"europe",0.0719919002012602,"CY","cyprus",2006,4.71382866563106,7.59439430401298,180.1169414,3.0862300370277,140.1750903,2.98129875921664
"49","cyprus","2007",78.75,"STOXX50E",NA,"europe",0.14144086173428,"CY","cyprus",2007,5.09806845261184,7.7464868178109,223.9697689,4.13820846878632,146.5748455,2.88410751248576
"50","cyprus","2008",82.5,"STOXX50E",-0.410203556449068,"europe",-0.135488458482761,"CY","cyprus",2008,3.6468119905756,7.76650196751383,276.7160726,4.73484012051601,171.7112208,1.0765652150817
"51","cyprus","2009",82.5,"STOXX50E",0.241329874574917,"europe",0.0798343162666845,"CY","cyprus",2009,-2.01526235906867,7.44930511097006,203.6980582,0.263119072444255,132.20581,-4.6106540682506
"52","cyprus","2010",77.5,"STOXX50E",0.0636696520974519,"europe",-0.0219198180578716,"CY","cyprus",2010,2.01469570699406,7.02847430876932,222.7811367,1.88028235720469,147.432579,-0.618672408329218
"53","cyprus","2011",69.1666666666667,"STOXX50E",-0.18180001972847,"europe",-0.0319161320173641,"CY","cyprus",2011,0.401437941132741,6.71208361744857,225.6029791,1.61710657996737,191.1569137,-2.12782857471161
"54","cyprus","2012",39.0909090909091,"STOXX50E",0.118477600666221,"europe",0.0326319658862505,"CY","cyprus",2012,-3.44682208589713,6.18477136609441,189.6785021,1.6752701237629,182.9152349,-4.90683483702104
"55","cyprus","2013",21.25,"STOXX50E",0.115050789610362,"europe",-0.000705318410358302,"CY","cyprus",2013,-6.55307825499119,5.57757639443781,164.1527001,-0.945904602145504,212.3168071,-6.33559821867694
"56","cyprus","2014",25,"STOXX50E",0.111972283761868,"europe",-0.167479055991067,"CY","cyprus",2014,-1.82930910922002,5.85786476923918,207.8745552,-1.33377854658193,332.6272454,-0.742815123790734
"57","cyprus","2015",36,"STOXX50E",-0.091408426942776,"europe",-0.0409329940928209,"CY","cyprus",2015,3.21856901005827,5.83985867197479,182.5951339,-0.595868992889848,346.4920152,3.80792738083791
"58","cyprus","2016",40,"STOXX50E",0.0609472424909092,"europe",-0.0108369642829102,"CY","cyprus",2016,6.43805848146472,6.11012409106563,203.5594896,-0.556852392664652,311.7153447,5.95096581998497
"59","cyprus","2017",46.25,"STOXX50E",0.11719208184316,"europe",0.158842574045696,"CY","cyprus",2017,5.15477714593604,6.18809258403726,239.9937921,1.0789629326285,345.6741356,4.1811841054944
"60","cyprus","2018",51.25,"STOXX50E",-0.124639500328059,"europe",-0.0742910511806614,"CY","cyprus",2018,5.24074782806838,6.07940050216016,281.1645788,1.21868524071176,531.1716657,3.9647732504053
"61","cyprus","2019",50,"STOXX50E",0.152394574452617,"europe",-0.0399141686942064,"CY","cyprus",2019,3.0757919624678,NA,238.3328401,0.884642379393497,363.8235659,1.68688110146658
"62","cyprus","2020",55,"STOXX50E",-0.0437994827815998,"europe",0.100630784114431,"CY","cyprus",2020,-5.10347951905253,NA,NA,-1.46048956889902,NA,-6.39282403398673
"63","cyprus","2021",52.5,NA,NA,"europe",NA,NA,NA,NA,NA,NA,NA,NA,NA,NA
"64","france","2001",100,"FCHI",-0.256167811742077,"europe",NA,"FR","france",2001,1.98372141863292,6.14204323283934,97.19181135,2.00833418538838,98.95261786,1.24418881990496
"65","france","2002",100,"FCHI",-0.341558627669036,"europe",NA,"FR","france",2002,1.13553148214601,6.00547532632575,97.38529075,2.0674257413845,101.5046623,0.402714805881303
"66","france","2003",100,"FCHI",0.238457692587699,"europe",NA,"FR","france",2003,0.823160756684118,6.05415256644402,117.9642443,1.85936824410877,119.9623429,0.111081739214896
"67","france","2004",100,"FCHI",0.0756505547606619,"europe",0.0481743582989481,"FR","france",2004,2.82975292869891,6.02743954575417,139.2904143,1.62267544006134,138.3424561,2.07536459512968
"68","france","2005",100,"FCHI",0.264277525453568,"europe",-0.0692219464860753,"FR","france",2005,1.66321998030079,6.02760180081608,149.1039476,1.93634141901367,141.8069727,0.899764540271406
"69","france","2006",100,"FCHI",0.133452127787688,"europe",0.0719919002012602,"FR","france",2006,2.44932360111885,5.8408041976332,160.2824731,2.15532739127715,151.7334378,1.73754003299598
"70","france","2007",100,"FCHI",-0.131683165201405,"europe",0.14144086173428,"FR","france",2007,2.42473624337305,5.6690313848081,186.5887008,2.5566370154462,171.2388836,1.79298221122066
"71","france","2008",100,"FCHI",-0.389312496394467,"europe",-0.135488458482761,"FR","france",2008,0.254945960124005,5.56442899965839,212.0051044,2.36707384043677,188.5668414,-0.303759657055082
"72","france","2009",100,"FCHI",0.257417838771249,"europe",0.0798343162666845,"FR","france",2009,-2.87331382849631,5.31441442186309,165.8883744,0.0666274760495753,148.3409614,-3.37173720554279
"73","france","2010",100,"FCHI",0.0711439731337185,"europe",-0.0219198180578716,"FR","france",2010,1.94943762312663,5.3506589250195,180.7349839,1.06969747621216,160.2704734,1.44700813155868
"74","france","2011",100,"FCHI",-0.176494807389839,"europe",-0.0319161320173641,"FR","france",2011,2.19270063266654,5.10431227537594,212.9614931,0.947960225382971,182.5181166,1.6996129650087
"75","france","2012",95,"FCHI",0.131588134953898,"europe",0.0326319658862505,"FR","france",2012,0.313134751077172,5.12231119022055,199.4705607,1.16182503173519,174.0223281,-0.171206729763156
"76","france","2013",91.6666666666667,"FCHI",0.11603710701076,"europe",-0.000705318410358302,"FR","france",2013,0.576326674771792,5.10055617017218,201.5398214,0.778100531144062,177.7363532,0.0599163796786826
"77","france","2014",91.6666666666667,"FCHI",0.105271060552971,"europe",-0.167479055991067,"FR","france",2014,0.956183052371557,4.59237682939366,200.1217884,0.576944232991778,177.9036285,0.479077572349041
"78","france","2015",90,"FCHI",-0.0406645990117826,"europe",-0.0409329940928209,"FR","france",2015,1.1129123405747,4.66608659650847,168.8121106,1.13824878533235,154.9147606,0.754024352327519
"79","france","2016",90,"FCHI",0.0751366035239297,"europe",-0.0108369642829102,"FR","france",2016,1.09546440372048,4.68661220239091,167.894826,0.522559343400445,153.358636,0.829056664516742
"80","france","2017",90,"FCHI",0.154357912174835,"europe",0.158842574045696,"FR","france",2017,2.29141999417021,4.72757562163375,183.1793035,0.521577263305687,163.7990422,1.99499844733441
"81","france","2018",90,"FCHI",-0.0892404582498644,"europe",-0.0742910511806614,"FR","france",2018,1.86506607081999,4.61924120513374,200.0697934,0.9922245663778,178.1574044,1.58587880599642
"82","france","2019",90,"FCHI",0.162961190285725,"europe",-0.0399141686942064,"FR","france",2019,1.84297181445896,NA,193.3752543,1.27859214632949,174.865886,1.62035845279964
"83","france","2020",90,"FCHI",-0.0701181628940837,"europe",0.100630784114431,"FR","france",2020,-7.85525603703762,NA,NA,2.52464913907811,NA,-8.05031008095041
"84","france","2021",90,NA,NA,"europe",NA,NA,NA,NA,NA,NA,NA,NA,NA,NA
"85","germany","2001",100,"GDAXI",-0.248343704467739,"europe",NA,"DE","germany",2001,1.68146848097079,10.2914483528674,98.01395059,1.30499491007868,103.8510246,1.5105582606794
"86","germany","2002",100,"GDAXI",-0.462012535862315,"europe",NA,"DE","germany",2002,-0.197973834771361,10.1005600841669,98.8533257,1.37812582409744,111.8782578,-0.365628327264105
"87","germany","2003",100,"GDAXI",0.477020042285162,"europe",NA,"DE","germany",2003,-0.700116686114356,10.1358011982818,121.905071,1.32125352370875,136.5362817,-0.755077166602604
"88","germany","2004",100,"GDAXI",0.0483541110878867,"europe",0.0481743582989481,"DE","germany",2004,1.17508813160987,9.9474939848219,144.3115657,1.11559586662639,165.2995727,1.1970553521185
"89","germany","2005",100,"GDAXI",0.333572222595373,"europe",-0.0692219464860753,"DE","germany",2005,0.731707163554191,9.72687792088563,156.6774768,0.405207331851614,176.386484,0.788917115869921
"90","germany","2006",100,"GDAXI",0.196498150429019,"europe",0.0719919002012602,"DE","germany",2006,3.816441912988,9.88340709166992,182.8103486,0.397281154893903,201.310237,3.9336103307084
"91","germany","2007",100,"GDAXI",0.00922656110506962,"europe",0.14144086173428,"DE","germany",2007,2.97645513131597,9.52515567357219,212.7111318,1.77027320694081,240.0255566,3.11424588261349
"92","germany","2008",100,"GDAXI",-0.366825979056445,"europe",-0.135488458482761,"DE","germany",2008,0.95987913356484,9.61574798772921,238.939409,0.909330422301522,262.7266251,1.1520297421751
"93","germany","2009",100,"GDAXI",0.292839423352596,"europe",0.0798343162666845,"DE","germany",2009,-5.69383633640285,8.9699549000494,186.774957,1.84189163776318,203.4782923,-5.45457716940945
"94","germany","2010",100,"GDAXI",0.261855040175805,"europe",-0.0219198180578716,"DE","germany",2010,4.17988249873657,9.4515653742443,212.6770975,0.645275771121817,228.7092491,4.33960677706354
"95","germany","2011",100,"GDAXI",-0.0873997278336349,"europe",-0.0319161320173641,"DE","germany",2011,3.92519270463411,9.29779081983736,253.0133341,1.06948374534943,267.7795346,5.86963573749217
"96","germany","2012",100,"GDAXI",0.203925990172884,"europe",0.0326319658862505,"DE","germany",2012,0.418497594217598,9.44994992466537,232.8472824,1.49648883779834,254.5407903,0.230160992711959
"97","germany","2013",100,"GDAXI",0.196813382421488,"europe",-0.000705318410358302,"DE","germany",2013,0.437591303144671,9.64255894664068,238.1448846,1.95939168302444,262.5004999,0.163870562978019
"98","germany","2014",100,"GDAXI",0.149126175961247,"europe",-0.167479055991067,"DE","germany",2014,2.20954343134872,9.10678232951564,243.4005689,1.87793985374911,271.4544919,1.7843418861469
"99","germany","2015",100,"GDAXI",-0.0838024236014858,"europe",-0.0409329940928209,"DE","germany",2015,1.49193152760772,9.08729093927033,211.9347134,1.85367882408802,240.9324556,0.617105353219898
"100","germany","2016",100,"GDAXI",0.177299413416527,"europe",-0.0108369642829102,"DE","germany",2016,2.22999986782015,9.0730063894536,212.7803699,1.32775222269545,242.4129608,1.40810207548923
"101","germany","2017",100,"GDAXI",0.143400650755141,"europe",0.158842574045696,"DE","germany",2017,2.68023111405891,8.85829369906254,234.4714543,1.50373898915133,263.0934904,2.29720604740949
"102","germany","2018",100,"GDAXI",-0.152877959426773,"europe",-0.0742910511806614,"DE","germany",2018,1.08602451412267,8.55838981170216,258.9580726,1.97471716141666,283.5038761,0.782690047310425
"103","germany","2019",100,"GDAXI",0.16189510353447,"europe",-0.0399141686942064,"DE","germany",2019,1.05550824713283,NA,248.897155,2.05505655287355,270.5348578,0.827864779161388
"104","germany","2020",100,"GDAXI",0.0347328178606221,"europe",0.100630784114431,"DE","germany",2020,-4.56961671737398,NA,NA,1.59682265615311,NA,-4.73878904837903
"105","germany","2021",100,NA,NA,"europe",NA,NA,NA,NA,NA,NA,NA,NA,NA,NA
"106","italy","2001",85,"FTSEMIB.MI",-0.28615172964697,"europe",NA,"IT","italy",2001,1.95137155605238,7.66260458699655,98.93769808,3.03359202588445,101.6513643,1.89412399481279
"107","italy","2002",90,"FTSEMIB.MI",-0.299617668086165,"europe",NA,"IT","italy",2002,0.253942998968455,7.77212964817281,103.4589702,3.27434188043023,105.7828689,0.104759513559856
"108","italy","2003",90,"FTSEMIB.MI",0.232646902183561,"europe",NA,"IT","italy",2003,0.138626890776507,8.06445942307569,124.6118548,3.1478079285654,124.4537268,-0.305508789463317
"109","italy","2004",85,"FTSEMIB.MI",0.12817743213077,"europe",0.0481743582989481,"IT","italy",2004,1.42359415817907,8.1894309102209,148.8128641,2.67018368106109,147.0917992,0.769317663351927
"110","italy","2005",87.5,"FTSEMIB.MI",0.169783621625072,"europe",-0.0692219464860753,"IT","italy",2005,0.817848973650598,8.1737832960528,161.1640643,2.01055790083582,155.1382847,0.323656244406962
"111","italy","2006",85,"FTSEMIB.MI",0.151224968625525,"europe",0.0719919002012602,"IT","italy",2006,1.79063968081796,8.02576652003813,185.3581499,2.12485391464755,173.3240581,1.48515735957702
"112","italy","2007",85,"FTSEMIB.MI",-0.188804891342986,"europe",0.14144086173428,"IT","italy",2007,1.48707298036786,7.86076804753594,214.3026781,2.47899476586151,207.8358664,0.975922132963376
"113","italy","2008",85,"FTSEMIB.MI",-0.476073619631902,"europe",-0.135488458482761,"IT","italy",2008,-0.962012840579291,7.56424830065774,235.3521398,2.40070344440197,225.658257,-1.61594062742927
"114","italy","2009",85,"FTSEMIB.MI",0.220921155347385,"europe",0.0798343162666845,"IT","italy",2009,-5.2809372082931,6.71897026103485,173.8610903,1.67883895982297,169.1804957,-5.71150838276657
"115","italy","2010",85,"FTSEMIB.MI",0.00703324808184143,"europe",-0.0219198180578716,"IT","italy",2010,1.71329583916922,6.8368363621512,203.9938574,0.436360537541674,185.9742717,1.40091534299962
"116","italy","2011",79.2857142857143,"FTSEMIB.MI",-0.282176870748299,"europe",-0.0319161320173641,"IT","italy",2011,0.707333347034435,6.68059415640586,234.0403441,1.60717698349345,217.5549026,0.534287439584816
"117","italy","2012",66.25,"FTSEMIB.MI",0.101781652767248,"europe",0.0326319658862505,"IT","italy",2012,-2.98090576823772,6.32770894762567,204.6434726,1.54730144037734,208.4279227,-3.24206011995115
"118","italy","2013",62.5,"FTSEMIB.MI",0.113481277596192,"europe",-0.000705318410358302,"IT","italy",2013,-1.84106545088248,5.75173986603037,200.7667228,1.14761015891955,215.4153509,-2.97240379999698
"119","italy","2014",60,"FTSEMIB.MI",0.0558759913482336,"europe",-0.167479055991067,"IT","italy",2014,-0.00454754236383792,5.38731095718742,198.6935449,0.913241261981469,220.2734592,-0.917813879753353
"120","italy","2015",60,"FTSEMIB.MI",-0.0900356045456762,"europe",-0.0409329940928209,"IT","italy",2015,0.778304350716581,5.56325970991024,172.1077113,0.931863574759717,190.0024632,0.875477401786128
"121","italy","2016",62.5,"FTSEMIB.MI",-0.00353754622929731,"europe",-0.0108369642829102,"IT","italy",2016,1.29346273155907,5.49816520549801,170.3776955,1.13435002037254,191.9761266,1.46569044434084
"122","italy","2017",60,"FTSEMIB.MI",0.264429024796945,"europe",0.158842574045696,"IT","italy",2017,1.66785904106857,5.43785754854959,189.784196,0.726343220957816,210.9692342,1.82033385192226
"123","italy","2018",58.75,"FTSEMIB.MI",-0.160633002935296,"europe",-0.0742910511806614,"IT","italy",2018,0.941737193371978,5.37637433931087,210.7752869,1.06215192696285,228.4765083,1.13377317095093
"124","italy","2019",58.75,"FTSEMIB.MI",0.177689929552481,"europe",-0.0399141686942064,"IT","italy",2019,0.287449937139201,NA,198.3239411,0.803938225764568,221.4652809,1.45048491728579
"125","italy","2020",57.5,"FTSEMIB.MI",-0.0716099324353402,"europe",0.100630784114431,"IT","italy",2020,-8.87114634766792,NA,NA,1.19667096259563,NA,-8.60327468998545
"126","italy","2021",60,NA,NA,"europe",NA,NA,NA,NA,NA,NA,NA,NA,NA,NA
"127","japan","2001",93,"N225",-0.277800857017973,"japan",0.155896426122729,"JP","japan",2001,0.386103426145752,9.20667877844104,91.98413744,-1.08487984815201,84.1851382,0.144511690084897
"128","japan","2002",90,"N225",-0.165822421666304,"japan",-0.110921565615836,"JP","japan",2002,0.0419624993125609,9.47051669347562,88.84983268,-1.39097861535799,86.94543664,-0.190392013612978
"129","japan","2003",90,"N225",0.293008078715977,"japan",-0.118422187693364,"JP","japan",2003,1.53512549928013,9.51925335504784,100.901162,-1.60770370751224,98.43958639,1.31809196241525
"130","japan","2004",92.5,"N225",0.0560090240916376,"japan",-0.0199602783082043,"JP","japan",2004,2.1861156944216,9.47934033077387,119.770757,-1.12476639985243,118.0220574,2.15172332918605
"131","japan","2005",90,"N225",0.462102213118662,"japan",0.132335909890655,"JP","japan",2005,1.80390087227372,9.49981608007952,135.9295903,-1.19401768056427,124.1280683,1.79433980060388
"132","japan","2006",92.5,"N225",0.0440605120781522,"japan",0.0292387695718826,"JP","japan",2006,1.37235012762038,9.30952492686971,152.5819992,-0.862018389228027,134.932288,1.30812718300903
"133","japan","2007",90,"N225",-0.218078503079953,"japan",-0.12000165015739,"JP","japan",2007,1.48396941163492,9.58086264951055,163.959668,-0.705243547499791,149.0367197,1.36742232603785
"134","japan","2008",90,"N225",-0.411876578314486,"japan",-0.153702093662197,"JP","japan",2008,-1.22428900072828,9.05507445554141,200.92591,-0.911530288285164,163.0333162,-1.27210994887062
"135","japan","2009",90,"N225",0.275703840701803,"japan",0.00344756457845995,"JP","japan",2009,-5.69323635882266,8.60004529586792,145.4456091,-0.569564924624345,121.160772,-5.68145234031182
"136","japan","2010",90,"N225",0.0039105438738707,"japan",-0.0902250441020155,"JP","japan",2010,4.09791791930137,9.02693839306629,182.8829701,-1.88074194993916,160.6051025,4.07922304843274
"137","japan","2011",87.5,"N225",-0.140205253306923,"japan",-0.0697900596836383,"JP","japan",2011,0.0238095237748297,9.48244975866952,225.3907602,-1.62208025009267,171.7485143,0.209251802819637
"138","japan","2012",80,"N225",0.265395944123057,"japan",0.191998465269795,"JP","japan",2012,1.37475099920874,9.81140649852306,233.417653,-0.75609311955516,166.6126127,1.53678665884595
"139","japan","2013",80,"N225",0.338987819371262,"japan",0.128948248032948,"JP","japan",2013,2.0051001767726,9.89367962650555,219.3203043,-0.354375054330276,149.0963493,2.15237106564643
"140","japan","2014",80,"N225",0.185045073594856,"japan",0.142976639980051,"JP","japan",2014,0.296205514142628,9.58405355290864,214.0149674,1.68629478626674,144.0034606,0.429381122520397
"141","japan","2015",77.5,"N225",-0.00883141304907072,"japan",0.0331204691303654,"JP","japan",2015,1.56062669674904,9.29283236721435,170.7773227,2.111298993275,130.3831784,1.66846511711745
"142","japan","2016",75,"N225",0.0869398854397942,"japan",-0.0633755913425281,"JP","japan",2016,0.753826745903538,9.22394197021634,160.1350112,0.419944376057259,134.5833074,0.870046944792136
"143","japan","2017",75,"N225",0.213060070994866,"japan",-0.0432732064536172,"JP","japan",2017,1.67533175166503,9.08563914300274,177.095825,-0.0743495037290813,145.698952,1.84270905806171
"144","japan","2018",80,"N225",-0.100648096604003,"japan",0.00229004336736122,"JP","japan",2018,0.558851275379695,8.7422577098865,197.2247122,0.00462893901934081,154.0057115,0.762860909889355
"145","japan","2019",80,"N225",0.117057337337567,"japan",-0.00095433146270459,"JP","japan",2019,0.270304645083556,NA,189.9703687,0.640853235597191,147.2084565,0.480088200168893
"146","japan","2020",77.5,"N225",0.192121371044821,"japan",-0.038548077542071,"JP","japan",2020,-5.80990557067783,NA,NA,0.489913536640273,NA,-5.48886018891325
"147","japan","2021",77.5,NA,NA,"japan",NA,NA,NA,NA,NA,NA,NA,NA,NA,NA
"148","liechtenstein","2001",100,NA,NA,"europe",NA,"LI","liechtenstein",2001,-0.733092455297992,6.26062069582327,NA,0.985855937188077,NA,-1.79551441542523
"149","liechtenstein","2002",100,NA,NA,"europe",NA,"LI","liechtenstein",2002,-0.993919947159299,6.49254832521765,NA,0.650821388246285,NA,-1.99318450014947
"150","liechtenstein","2003",100,NA,NA,"europe",NA,"LI","liechtenstein",2003,-1.93756534125014,6.73065667798197,NA,0.632556289875552,NA,-2.761161231074
"151","liechtenstein","2004",100,NA,NA,"europe",0.0481743582989481,"LI","liechtenstein",2004,3.03917210306501,6.67750551620021,NA,0.810168671611081,NA,2.22548452868243
"152","liechtenstein","2005",100,NA,NA,"europe",-0.0692219464860753,"LI","liechtenstein",2005,4.82807677743524,6.62480557635809,NA,1.19056787026008,NA,4.00075685586667
"153","liechtenstein","2006",100,NA,NA,"europe",0.0719919002012602,"LI","liechtenstein",2006,8.64496857267281,6.57612580414582,NA,1.31488166385525,NA,7.8466338500659
"154","liechtenstein","2007",100,"STOXX50E",NA,"europe",0.14144086173428,"LI","liechtenstein",2007,3.325963509369,5.67907544651731,NA,6.58173780950284,NA,2.6159404191209
"155","liechtenstein","2008",100,"STOXX50E",-0.410203556449068,"europe",-0.135488458482761,"LI","liechtenstein",2008,1.79808847836411,6.2025994530435,NA,-2.11669284164925,NA,1.07483385329581
"156","liechtenstein","2009",100,"STOXX50E",0.241329874574917,"europe",0.0798343162666845,"LI","liechtenstein",2009,-1.15748291975636,5.87856562998628,NA,-9.90066262743474,NA,-1.86027941888527
"157","liechtenstein","2010",100,"STOXX50E",0.0636696520974519,"europe",-0.0219198180578716,"LI","liechtenstein",2010,NA,5.27836426269586,NA,NA,NA,NA
"158","liechtenstein","2011",100,"STOXX50E",-0.18180001972847,"europe",-0.0319161320173641,"LI","liechtenstein",2011,NA,4.95881429240475,NA,NA,NA,NA
"159","liechtenstein","2012",100,"STOXX50E",0.118477600666221,"europe",0.0326319658862505,"LI","liechtenstein",2012,NA,5.18913013792162,NA,NA,NA,NA
"160","liechtenstein","2013",100,"STOXX50E",0.115050789610362,"europe",-0.000705318410358302,"LI","liechtenstein",2013,NA,5.14347590687601,NA,NA,NA,NA
"161","liechtenstein","2014",100,"STOXX50E",0.111972283761868,"europe",-0.167479055991067,"LI","liechtenstein",2014,NA,4.29887960450308,NA,NA,NA,NA
"162","liechtenstein","2015",100,"STOXX50E",-0.091408426942776,"europe",-0.0409329940928209,"LI","liechtenstein",2015,NA,4.27065260910183,NA,NA,NA,NA
"163","liechtenstein","2016",100,"STOXX50E",0.0609472424909092,"europe",-0.0108369642829102,"LI","liechtenstein",2016,NA,3.98353472314434,NA,NA,NA,NA
"164","liechtenstein","2017",100,"STOXX50E",0.11719208184316,"europe",0.158842574045696,"LI","liechtenstein",2017,NA,4.2322444121148,NA,NA,NA,NA
"165","liechtenstein","2018",100,"STOXX50E",-0.124639500328059,"europe",-0.0742910511806614,"LI","liechtenstein",2018,NA,3.69217785748193,NA,NA,NA,NA
"166","liechtenstein","2019",100,"STOXX50E",0.152394574452617,"europe",-0.0399141686942064,"LI","liechtenstein",2019,NA,NA,NA,NA,NA,NA
"167","liechtenstein","2020",100,"STOXX50E",-0.0437994827815998,"europe",0.100630784114431,"LI","liechtenstein",2020,NA,NA,NA,NA,NA,NA
"168","liechtenstein","2021",100,NA,NA,"europe",NA,NA,NA,NA,NA,NA,NA,NA,NA,NA
"169","luxembourg","2001",100,NA,NA,"europe",NA,"LU","luxembourg",2001,2.53197481173196,20.7009795594813,109.6097132,0.457001821347049,116.7716199,1.31861301253305
"170","luxembourg","2002",100,NA,NA,"europe",NA,"LU","luxembourg",2002,3.81946933291928,22.0541267439906,112.4488267,1.6808077694175,122.2212354,2.73747116538843
"171","luxembourg","2003",100,NA,NA,"europe",NA,"LU","luxembourg",2003,1.62928558525141,22.7177114009255,143.6868084,2.6828179083183,159.1090069,0.401759174544551
"172","luxembourg","2004",100,NA,NA,"europe",0.0481743582989481,"LU","luxembourg",2004,3.61217865779918,25.4968947489058,178.1874249,2.95494187577283,194.4391625,2.14992140761596
"173","luxembourg","2005",100,NA,NA,"europe",-0.0692219464860753,"LU","luxembourg",2005,3.17244170941073,25.6686975178326,194.5996816,4.19570332247832,224.9221414,1.60586227662969
"174","luxembourg","2006",100,NA,NA,"europe",0.0719919002012602,"LU","luxembourg",2006,5.17848460186509,24.8393587467761,236.1899131,7.03551780724199,274.0522382,3.51414201688476
"175","luxembourg","2007",100,"STOXX50E",NA,"europe",0.14144086173428,"LU","luxembourg",2007,8.35455406874028,23.2086717931303,245.0234346,1.490135490979,267.9171055,6.69399631116951
"176","luxembourg","2008",100,"STOXX50E",-0.410203556449068,"europe",-0.135488458482761,"LU","luxembourg",2008,-1.27958624140669,22.5928578737338,285.8342045,3.88371649199799,307.4496639,-3.02853256680962
"177","luxembourg","2009",100,"STOXX50E",0.241329874574917,"europe",0.0798343162666845,"LU","luxembourg",2009,-4.35860654687093,21.0131724064502,225.1530533,1.39801720859056,255.3338166,-6.11337287357841
"178","luxembourg","2010",100,"STOXX50E",0.0636696520974519,"europe",-0.0219198180578716,"LU","luxembourg",2010,4.86496897912487,21.8166181085821,223.0380624,3.61672205899531,236.3046385,2.96812298839481
"179","luxembourg","2011",100,"STOXX50E",-0.18180001972847,"europe",-0.0319161320173641,"LU","luxembourg",2011,2.53923576779506,21.0862607481089,256.5266168,4.77358999640305,249.6803443,0.285278375665371
"180","luxembourg","2012",100,"STOXX50E",0.118477600666221,"europe",0.0326319658862505,"LU","luxembourg",2012,-0.352520089272659,20.1338742546323,244.8191005,2.55649755309686,225.3551456,-2.71708936636533
"181","luxembourg","2013",100,"STOXX50E",0.115050789610362,"europe",-0.000705318410358302,"LU","luxembourg",2013,3.65437134208327,18.6800647820966,237.2386195,1.69592182600007,220.9255986,1.28620775654029
"182","luxembourg","2014",100,"STOXX50E",0.111972283761868,"europe",-0.167479055991067,"LU","luxembourg",2014,4.29678630500703,17.3461629029388,236.9378456,2.73613690508789,228.5329577,1.86727723965676
"183","luxembourg","2015",100,"STOXX50E",-0.091408426942776,"europe",-0.0409329940928209,"LU","luxembourg",2015,4.30643149305372,16.0286795738794,207.0103788,0.184035944079412,205.0828577,1.87366953494737
"184","luxembourg","2016",100,"STOXX50E",0.0609472424909092,"europe",-0.0108369642829102,"LU","luxembourg",2016,4.57460105103911,15.2230015085548,194.4140859,0.770689461471491,189.0110424,2.34480795492217
"185","luxembourg","2017",100,"STOXX50E",0.11719208184316,"europe",0.158842574045696,"LU","luxembourg",2017,1.80118095539584,15.0921628075447,203.3378933,1.71642900041849,188.5890918,-0.643743573130337
"186","luxembourg","2018",100,"STOXX50E",-0.124639500328059,"europe",-0.0742910511806614,"LU","luxembourg",2018,3.11083626560442,15.3302080763221,214.888689,2.51183599840827,196.3832308,1.14105379601197
"187","luxembourg","2019",100,"STOXX50E",0.152394574452617,"europe",-0.0399141686942064,"LU","luxembourg",2019,2.29697881609749,NA,213.2531275,3.39209346143548,197.5315564,0.308625746162463
"188","luxembourg","2020",100,"STOXX50E",-0.0437994827815998,"europe",0.100630784114431,"LU","luxembourg",2020,-1.31320454303741,NA,NA,2.33056203701922,NA,-3.22895596044086
"189","luxembourg","2021",100,NA,NA,"europe",NA,NA,NA,NA,NA,NA,NA,NA,NA,NA
"190","malta","2001",75,NA,NA,"europe",NA,NA,NA,NA,NA,NA,NA,NA,NA,NA
"191","malta","2002",75,NA,NA,"europe",NA,NA,NA,NA,NA,NA,NA,NA,NA,NA
"192","malta","2003",72.5,NA,NA,"europe",NA,NA,NA,NA,NA,NA,NA,NA,NA,NA
"193","malta","2004",72.5,NA,NA,"europe",0.0481743582989481,NA,NA,NA,NA,NA,NA,NA,NA,NA
"194","malta","2005",72.5,NA,NA,"europe",-0.0692219464860753,NA,NA,NA,NA,NA,NA,NA,NA,NA
"195","malta","2006",70,NA,NA,"europe",0.0719919002012602,NA,NA,NA,NA,NA,NA,NA,NA,NA
"196","malta","2007",75,"STOXX50E",NA,"europe",0.14144086173428,NA,NA,NA,NA,NA,NA,NA,NA,NA
"197","malta","2008",80,"STOXX50E",-0.410203556449068,"europe",-0.135488458482761,NA,NA,NA,NA,NA,NA,NA,NA,NA
"198","malta","2009",80,"STOXX50E",0.241329874574917,"europe",0.0798343162666845,NA,NA,NA,NA,NA,NA,NA,NA,NA
"199","malta","2010",80,"STOXX50E",0.0636696520974519,"europe",-0.0219198180578716,NA,NA,NA,NA,NA,NA,NA,NA,NA
"200","malta","2011",75,"STOXX50E",-0.18180001972847,"europe",-0.0319161320173641,NA,NA,NA,NA,NA,NA,NA,NA,NA
"201","malta","2012",70,"STOXX50E",0.118477600666221,"europe",0.0326319658862505,NA,NA,NA,NA,NA,NA,NA,NA,NA
"202","malta","2013",70,"STOXX50E",0.115050789610362,"europe",-0.000705318410358302,NA,NA,NA,NA,NA,NA,NA,NA,NA
"203","malta","2014",70,"STOXX50E",0.111972283761868,"europe",-0.167479055991067,NA,NA,NA,NA,NA,NA,NA,NA,NA
"204","malta","2015",65,"STOXX50E",-0.091408426942776,"europe",-0.0409329940928209,NA,NA,NA,NA,NA,NA,NA,NA,NA
"205","malta","2016",72.5,"STOXX50E",0.0609472424909092,"europe",-0.0108369642829102,NA,NA,NA,NA,NA,NA,NA,NA,NA
"206","malta","2017",75,"STOXX50E",0.11719208184316,"europe",0.158842574045696,NA,NA,NA,NA,NA,NA,NA,NA,NA
"207","malta","2018",70,"STOXX50E",-0.124639500328059,"europe",-0.0742910511806614,NA,NA,NA,NA,NA,NA,NA,NA,NA
"208","malta","2019",77.5,"STOXX50E",0.152394574452617,"europe",-0.0399141686942064,NA,NA,NA,NA,NA,NA,NA,NA,NA
"209","malta","2020",75,"STOXX50E",-0.0437994827815998,"europe",0.100630784114431,NA,NA,NA,NA,NA,NA,NA,NA,NA
"210","malta","2021",75,NA,NA,"europe",NA,NA,NA,NA,NA,NA,NA,NA,NA,NA
"211","montenegro","2001",75,NA,NA,"europe",NA,"ME","montenegro",2001,1.09984271867472,0,NA,20.2047469462506,NA,0.693871394875885
"212","montenegro","2002",75,NA,NA,"europe",NA,"ME","montenegro",2002,1.90393392048746,0,NA,3.07515868057394,NA,1.49637032086254
"213","montenegro","2003",75,NA,NA,"europe",NA,"ME","montenegro",2003,2.48265936070939,0,NA,8.32077406492589,NA,2.07441392827423
"214","montenegro","2004",45,NA,NA,"europe",0.0481743582989481,"ME","montenegro",2004,4.42605295805207,0,NA,5.88572437844677,NA,4.24115666910845
"215","montenegro","2005",45,NA,NA,"europe",-0.0692219464860753,"ME","montenegro",2005,4.18060152722231,3.27222467322522,NA,4.33458616944581,NA,4.02660186553661
"216","montenegro","2006",45,NA,NA,"europe",0.0719919002012602,"ME","montenegro",2006,8.56641950822812,3.54457135888785,NA,10.1069590312695,NA,8.43155548724638
"217","montenegro","2007",50,"STOXX50E",NA,"europe",0.14144086173428,"ME","montenegro",2007,6.81015049116694,3.4097828293079,NA,16.0415364911469,NA,6.66273644137195
"218","montenegro","2008",46.6666666666667,"STOXX50E",-0.410203556449068,"europe",-0.135488458482761,"ME","montenegro",2008,7.22279087108568,4.36002457173699,NA,7.62908738036128,NA,7.03266505728794
"219","montenegro","2009",40,"STOXX50E",0.241329874574917,"europe",0.0798343162666845,"ME","montenegro",2009,-5.79509408499914,2.83036872426386,NA,2.40790922190929,NA,-5.9969745825252
"220","montenegro","2010",40,"STOXX50E",0.0636696520974519,"europe",-0.0219198180578716,"ME","montenegro",2010,2.73437443261177,4.16513299366512,NA,1.60415982505175,NA,2.54629643063804
"221","montenegro","2011",40,"STOXX50E",-0.18180001972847,"europe",-0.0319161320173641,"ME","montenegro",2011,3.22841872760809,4.09625225172922,NA,1.20273520816983,NA,3.12004269714798
"222","montenegro","2012",40,"STOXX50E",0.118477600666221,"europe",0.0326319658862505,"ME","montenegro",2012,-2.72379956421398,3.75442514594723,NA,0.177026054747969,NA,-2.80562053554256
"223","montenegro","2013",40,"STOXX50E",0.115050789610362,"europe",-0.000705318410358302,"ME","montenegro",2013,3.54898434239826,3.6541764661377,NA,2.06699689260761,NA,3.4479702126291
"224","montenegro","2014",37.5,"STOXX50E",0.111972283761868,"europe",-0.167479055991067,"ME","montenegro",2014,1.78368226013417,3.57022241520722,NA,1.03621447270609,NA,1.68497757477553
"225","montenegro","2015",37.5,"STOXX50E",-0.091408426942776,"europe",-0.0409329940928209,"ME","montenegro",2015,3.39035840956457,3.79324256339617,NA,2.21959565987397,NA,3.33236160314539
"226","montenegro","2016",35,"STOXX50E",0.0609472424909092,"europe",-0.0108369642829102,"ME","montenegro",2016,2.94934081471784,3.39063125197854,NA,5.1010336584724,NA,2.925518488492
"227","montenegro","2017",35,"STOXX50E",0.11719208184316,"europe",0.158842574045696,"ME","montenegro",2017,4.71643873880667,3.58306031913338,NA,3.82497238228881,NA,4.70466099344866
"228","montenegro","2018",35,"STOXX50E",-0.124639500328059,"europe",-0.0742910511806614,"ME","montenegro",2018,5.07786503417577,4.0499689020245,NA,3.226151899466,NA,5.10252061533021
"229","montenegro","2019",35,"STOXX50E",0.152394574452617,"europe",-0.0399141686942064,"ME","montenegro",2019,4.06295541343154,NA,NA,2.02211865219306,NA,4.09624736833914
"230","montenegro","2020",35,"STOXX50E",-0.0437994827815998,"europe",0.100630784114431,"ME","montenegro",2020,-15.158984433142,NA,NA,-0.167434901733017,NA,-15.1166811464015
"231","montenegro","2021",30,NA,NA,"europe",NA,NA,NA,NA,NA,NA,NA,NA,NA,NA
"232","portugal","2001",90,NA,NA,"europe",NA,"PT","portugal",2001,1.94367229584959,5.92315416740891,99.08867491,3.71598281865167,99.19674559,1.2272634226527
"233","portugal","2002",90,NA,NA,"europe",NA,"PT","portugal",2002,0.770924024291219,6.29676809092376,100.7588546,4.18978168737742,106.6022612,0.220542488198603
"234","portugal","2003",90,NA,NA,"europe",NA,"PT","portugal",2003,-0.930521192623061,5.78650308672459,118.433111,3.42715372962287,130.6711681,-1.30174208592079
"235","portugal","2004",90,NA,NA,"europe",0.0481743582989481,"PT","portugal",2004,1.78873568157121,5.92625178834401,137.8748205,2.3996146661088,147.2510151,1.54562010216144
"236","portugal","2005",87.5,NA,NA,"europe",-0.0692219464860753,"PT","portugal",2005,0.78184821592744,6.23326126095248,153.5209203,3.33290322756528,156.9745979,0.595038718090478
"237","portugal","2006",87.5,NA,NA,"europe",0.0719919002012602,"PT","portugal",2006,1.62503417629674,5.74494824699723,167.2938553,3.18454265930981,178.2973675,1.44193641296673
"238","portugal","2007",90,NA,NA,"europe",0.14144086173428,"PT","portugal",2007,2.50657964551773,5.57717924484993,206.0771655,2.96634549274198,216.0332534,2.30555211277161
"239","portugal","2008",90,NA,NA,"europe",-0.135488458482761,"PT","portugal",2008,0.319247925063081,5.38350512593225,236.9075457,1.73772428812507,235.0987789,0.174700554936223
"240","portugal","2009",85,NA,NA,"europe",0.0798343162666845,"PT","portugal",2009,-3.12207942033321,5.32727897067508,179.8146098,1.09813586372714,181.9123799,-3.21438996722308
"241","portugal","2010",79.2857142857143,NA,NA,"europe",-0.0219198180578716,"PT","portugal",2010,1.73762547590566,4.81788690166555,195.085757,0.642290869101615,203.289828,1.69092841483231
"242","portugal","2011",57.5,NA,NA,"europe",-0.0319161320173641,"PT","portugal",2011,-1.69616478061504,4.72362932344216,207.999899,-0.265123394841666,245.3029452,-1.55146831672478
"243","portugal","2012",42.5,NA,NA,"europe",0.0326319658862505,"PT","portugal",2012,-4.05729360769561,4.58589780314382,181.7381011,-0.388196360131744,239.020532,-3.66753141566937
"244","portugal","2013",43.75,"PSI20.LS",NA,"europe",-0.000705318410358302,"PT","portugal",2013,-0.922644674527888,4.45239423770679,190.0153192,2.24865489225866,258.3912539,-0.377398248791067
"245","portugal","2014",47.5,"PSI20.LS",-0.231774917246698,"europe",-0.167479055991067,"PT","portugal",2014,0.792190301875365,4.41589522300703,196.6912897,0.704596369328669,262.6497965,1.33711996744654
"246","portugal","2015",47.5,"PSI20.LS",-0.0153327085925645,"europe",-0.0409329940928209,"PT","portugal",2015,1.79204604555983,4.81266984331839,167.8987237,2.01996442826523,226.4987771,2.2144828853083
"247","portugal","2016",50,"PSI20.LS",-0.116596648833133,"europe",-0.0108369642829102,"PT","portugal",2016,2.01948539561312,4.72231143004684,170.5076791,1.71666254687131,227.8393621,2.34182321593775
"248","portugal","2017",53.75,"PSI20.LS",0.265564747743908,"europe",0.158842574045696,"PT","portugal",2017,3.5063452848124,5.1775191013854,197.6299572,1.51191039440322,255.6437004,3.75909438887767
"249","portugal","2018",55,"PSI20.LS",-0.0943631302825534,"europe",-0.0742910511806614,"PT","portugal",2018,2.84932646131253,4.84061276050869,223.4668265,1.81299623006701,281.2842717,3.01412425744607
"250","portugal","2019",58.75,"PSI20.LS",0.0239830931679615,"europe",-0.0399141686942064,"PT","portugal",2019,2.4889586061267,NA,225.5475218,1.73959505461789,275.9144783,2.46463728088375
"251","portugal","2020",60,"PSI20.LS",-0.0871053666349305,"europe",0.100630784114431,"PT","portugal",2020,-7.57277776605211,NA,NA,2.37328649241668,NA,-7.74588210234438
"252","portugal","2021",60,NA,NA,"europe",NA,NA,NA,NA,NA,NA,NA,NA,NA,NA
"253","spain","2001",95,"IBEX",-0.204191389679715,"europe",NA,"ES","spain",2001,3.93294884333099,7.21632868721128,99.28898901,4.1082864197957,101.4728208,3.21408101820879
"254","spain","2002",95,"IBEX",-0.261191957243964,"europe",NA,"ES","spain",2002,2.73102223160264,7.54859375551361,106.0015834,4.08459975098776,109.3253216,1.29005004692624
"255","spain","2003",97.5,"IBEX",0.333271624663657,"europe",NA,"ES","spain",2003,2.98189483596207,7.55339626091952,133.9281033,3.93354520267644,135.8194711,1.13625325248812
"256","spain","2004",100,"IBEX",0.163179927236363,"europe",0.0481743582989481,"ES","spain",2004,3.12279524151424,7.81792136623977,165.8550496,3.88216282902924,158.8490866,1.35870928011663
"257","spain","2005",100,"IBEX",0.203861634914743,"europe",-0.0692219464860753,"ES","spain",2005,3.65203267433178,8.02920201300456,185.4078621,4.10104389006925,167.5660768,1.91569573801111
"258","spain","2006",100,"IBEX",0.310591433099369,"europe",0.0719919002012602,"ES","spain",2006,4.10272711542463,7.69821258801686,211.0314514,3.97958531407545,185.8952912,2.35781315291435
"259","spain","2007",100,"IBEX",-0.0909903098464179,"europe",0.14144086173428,"ES","spain",2007,3.60468797126931,7.84225230335206,249.9413992,3.41644715828198,220.3232036,1.70452202327694
"260","spain","2008",100,"IBEX",-0.361221529140525,"europe",-0.135488458482761,"ES","spain",2008,0.887145182485298,7.05399426114393,270.1663824,2.25424800208627,244.8485458,-0.70956792412278
"261","spain","2009",96.6666666666667,"IBEX",0.295524435346249,"europe",0.0798343162666845,"ES","spain",2009,-3.76323192690089,6.2008570378595,188.2532883,0.143905293766267,197.743602,-4.61187170615491
"262","spain","2010",95,"IBEX",-0.0129433755470136,"europe",-0.0219198180578716,"ES","spain",2010,0.163010230841422,5.86664242575026,209.952378,0.153388675098938,221.2976237,-0.297088607471025
"263","spain","2011",86.875,"IBEX",-0.212548566074403,"europe",-0.0319161320173641,"ES","spain",2011,-0.81437345515107,5.87043576026433,241.7906956,-0.0197507478863059,266.644151,-1.16619262555828
"264","spain","2012",63.75,"IBEX",-0.0172637129969415,"europe",0.0326319658862505,"ES","spain",2012,-2.95944130173555,5.75694702858302,216.5798845,-0.114557740159839,256.8147121,-3.02242536982695
"265","spain","2013",56.6666666666667,"IBEX",0.186300470723197,"europe",-0.000705318410358302,"ES","spain",2013,-1.43539425919327,5.20806018098009,218.6868935,0.398439552805712,276.3394612,-1.11189885449343
"266","spain","2014",61.6666666666667,"IBEX",0.0486985746762947,"europe",-0.167479055991067,"ES","spain",2014,1.38390794267029,5.18406686000494,230.3973975,-0.223368485312221,282.2851732,1.68744970379751
"267","spain","2015",65,"IBEX",-0.152595813804868,"europe",-0.0409329940928209,"ES","spain",2015,3.83517266033846,5.51794438614828,200.2164809,0.545556009835707,245.5273957,3.91576845137082
"268","spain","2016",60,"IBEX",0.0566483360609842,"europe",-0.0108369642829102,"ES","spain",2016,3.03130132981933,5.31429460704187,199.6193256,0.322898793520409,252.2317195,2.94434855983185
"269","spain","2017",65,"IBEX",0.121983401452812,"europe",0.158842574045696,"ES","spain",2017,2.97364119053731,5.65403956917695,225.9807353,1.2995548323383,277.9347984,2.73236058269681
"270","spain","2018",68.3333333333333,"IBEX",-0.133454509400565,"europe",-0.0742910511806614,"ES","spain",2018,2.28878567617447,5.52035039972218,250.7506964,1.24525511523967,301.6137936,1.84175785793946
"271","spain","2019",75,"IBEX",0.0343613224794397,"europe",-0.0399141686942064,"ES","spain",2019,2.08519142117105,NA,238.7877842,1.3046571659175,290.1914832,1.35796294893549
"272","spain","2020",75,"IBEX",-0.171906224851318,"europe",0.100630784114431,"ES","spain",2020,-10.8228864939664,NA,NA,1.10393071382899,NA,-11.2335320992436
"273","spain","2021",75,NA,NA,"europe",NA,NA,NA,NA,NA,NA,NA,NA,NA,NA
"274","united-states","2001",100,"DJI",-0.0888516886301367,"united-states",NA,"US","united-states",2001,0.998340791805987,20.1750046772639,93.63773525,2.1934253449969,93.24507173,0.00364897578270984
"275","united-states","2001",100,"GSPC",-0.172626889461813,"united-states",NA,"US","united-states",2001,0.998340791805987,20.1750046772639,93.63773525,2.1934253449969,93.24507173,0.00364897578270984
"276","united-states","2001",100,"IXIC",-0.30248165419988,"united-states",NA,"US","united-states",2001,0.998340791805987,20.1750046772639,93.63773525,2.1934253449969,93.24507173,0.00364897578270984
"277","united-states","2002",100,"DJI",-0.188123985987903,"united-states",NA,"US","united-states",2002,1.74169525130476,19.4494784745785,95.30929882,1.58176300591224,88.64139206,0.802103853582764
"278","united-states","2002",100,"GSPC",-0.242877323394964,"united-states",NA,"US","united-states",2002,1.74169525130476,19.4494784745785,95.30929882,1.58176300591224,88.64139206,0.802103853582764
"279","united-states","2002",100,"IXIC",-0.317016791780124,"united-states",NA,"US","united-states",2002,1.74169525130476,19.4494784745785,95.30929882,1.58176300591224,88.64139206,0.802103853582764
"280","united-states","2003",100,"DJI",0.302249523662376,"united-states",NA,"US","united-states",2003,2.8612107683238,19.5087047137039,103.4741523,1.85709520165997,92.69143312,1.98092583511948
"281","united-states","2003",100,"GSPC",0.321876813296106,"united-states",NA,"US","united-states",2003,2.8612107683238,19.5087047137039,103.4741523,1.85709520165997,92.69143312,1.98092583511948
"282","united-states","2003",100,"IXIC",0.56418669615466,"united-states",NA,"US","united-states",2003,2.8612107683238,19.5087047137039,103.4741523,1.85709520165997,92.69143312,1.98092583511948
"283","united-states","2004",100,"DJI",0.000178308968589043,"united-states",-0.0459605518752802,"US","united-states",2004,3.79889112471299,19.6035728834387,121.1530215,2.6922121263311,104.2148921,2.84268063989242
"284","united-states","2004",100,"GSPC",0.0443273671269996,"united-states",-0.0459605518752802,"US","united-states",2004,3.79889112471299,19.6035728834387,121.1530215,2.6922121263311,104.2148921,2.84268063989242
"285","united-states","2004",100,"IXIC",-0.00181012519777959,"united-states",-0.0459605518752802,"US","united-states",2004,3.79889112471299,19.6035728834387,121.1530215,2.6922121263311,104.2148921,2.84268063989242
"286","united-states","2005",100,"DJI",0.0357409009614365,"united-states",0.0743699179033374,"US","united-states",2005,3.5132137994521,19.4780260042178,137.5927896,3.11494234781323,115.2399612,2.5635024091702
"287","united-states","2005",100,"GSPC",0.0836472054035538,"united-states",0.0743699179033374,"US","united-states",2005,3.5132137994521,19.4780260042178,137.5927896,3.11494234781323,115.2399612,2.5635024091702
"288","united-states","2005",100,"IXIC",0.118022200428602,"united-states",0.0743699179033374,"US","united-states",2005,3.5132137994521,19.4780260042178,137.5927896,3.11494234781323,115.2399612,2.5635024091702
"289","united-states","2006",100,"DJI",0.161698357924739,"united-states",-0.0671566543157383,"US","united-states",2006,2.85497229363445,18.9576435024889,152.3129516,3.02620464133297,131.2115848,1.86795551589975
"290","united-states","2006",100,"GSPC",0.123554808634157,"united-states",-0.0671566543157383,"US","united-states",2006,2.85497229363445,18.9576435024889,152.3129516,3.02620464133297,131.2115848,1.86795551589975
"291","united-states","2006",100,"IXIC",0.0685699054294119,"united-states",-0.0671566543157383,"US","united-states",2006,2.85497229363445,18.9576435024889,152.3129516,3.02620464133297,131.2115848,1.86795551589975
"292","united-states","2007",100,"DJI",0.00227148036619998,"united-states",-0.123914204227278,"US","united-states",2007,1.87617145415626,19.0560269540732,160.438577,2.68627890903008,146.8439146,0.911865593620419
"293","united-states","2007",100,"GSPC",-0.0415020729607164,"united-states",-0.123914204227278,"US","united-states",2007,1.87617145415626,19.0560269540732,160.438577,2.68627890903008,146.8439146,0.911865593620419
"294","united-states","2007",100,"IXIC",-0.0300616604547178,"united-states",-0.123914204227278,"US","united-states",2007,1.87617145415626,19.0560269540732,160.438577,2.68627890903008,146.8439146,0.911865593620419
"295","united-states","2008",100,"DJI",-0.367538975936359,"united-states",0.156721964561779,"US","united-states",2008,-0.136579803249504,18.2948056259689,172.2772254,1.94513170334587,164.6517921,-1.07670008481743
"296","united-states","2008",100,"GSPC",-0.400906767513379,"united-states",0.156721964561779,"US","united-states",2008,-0.136579803249504,18.2948056259689,172.2772254,1.94513170334587,164.6517921,-1.07670008481743
"297","united-states","2008",100,"IXIC",-0.382214867022758,"united-states",0.156721964561779,"US","united-states",2008,-0.136579803249504,18.2948056259689,172.2772254,1.94513170334587,164.6517921,-1.07670008481743
"298","united-states","2009",100,"DJI",0.258281016088833,"united-states",-0.0739317612285549,"US","united-states",2009,-2.53675706714202,16.8188684811099,127.4752402,0.762349988423779,135.058024,-3.38743566168993
"299","united-states","2009",100,"GSPC",0.300273633577072,"united-states",-0.0739317612285549,"US","united-states",2009,-2.53675706714202,16.8188684811099,127.4752402,0.762349988423779,135.058024,-3.38743566168993
"300","united-states","2009",100,"IXIC",0.45443033419018,"united-states",-0.0739317612285549,"US","united-states",2009,-2.53675706714202,16.8188684811099,127.4752402,0.762349988423779,135.058024,-3.38743566168993
"301","united-states","2010",100,"DJI",0.181239672868904,"united-states",0.022411256973162,"US","united-states",2010,2.5637665603995,17.4341958733314,156.3713095,1.16525054364868,163.5075545,1.71640025696944
"302","united-states","2010",100,"GSPC",0.19764962331404,"united-states",0.022411256973162,"US","united-states",2010,2.5637665603995,17.4341958733314,156.3713095,1.16525054364868,163.5075545,1.71640025696944
"303","united-states","2010",100,"IXIC",0.257400961545489,"united-states",0.022411256973162,"US","united-states",2010,2.5637665603995,17.4341958733314,156.3713095,1.16525054364868,163.5075545,1.71640025696944
"304","united-states","2011",99.1666666666667,"DJI",0.0623095231338034,"united-states",0.0329682261764186,"US","united-states",2011,1.55083550470843,16.599403740534,179.943143,2.08890377766842,189.5989093,0.815453101425561
"305","united-states","2011",99.1666666666667,"GSPC",0.0204413578065863,"united-states",0.0329682261764186,"US","united-states",2011,1.55083550470843,16.599403740534,179.943143,2.08890377766842,189.5989093,0.815453101425561
"306","united-states","2011",99.1666666666667,"IXIC",0.0421320874617408,"united-states",0.0329682261764186,"US","united-states",2011,1.55083550470843,16.599403740534,179.943143,2.08890377766842,189.5989093,0.815453101425561
"307","united-states","2012",99.1666666666667,"DJI",0.0971802939180185,"united-states",-0.0316006622342521,"US","united-states",2012,2.24954585238848,15.7711446187591,185.5414913,1.91784900670304,197.6809589,1.50218790452286
"308","united-states","2012",99.1666666666667,"GSPC",0.141495375827034,"united-states",-0.0316006622342521,"US","united-states",2012,2.24954585238848,15.7711446187591,185.5414913,1.91784900670304,197.6809589,1.50218790452286
"309","united-states","2012",99.1666666666667,"IXIC",0.116669670177789,"united-states",-0.0316006622342521,"US","united-states",2012,2.24954585238848,15.7711446187591,185.5414913,1.91784900670304,197.6809589,1.50218790452286
"310","united-states","2013",98.3333333333333,"DJI",0.132625728552138,"united-states",0.000705553520304969,"US","united-states",2013,1.84208107064158,16.1029578354008,184.9487811,1.75491578501162,202.0151602,1.13889660200263
"311","united-states","2013",98.3333333333333,"GSPC",0.189892587225497,"united-states",0.000705553520304969,"US","united-states",2013,1.84208107064158,16.1029578354008,184.9487811,1.75491578501162,202.0151602,1.13889660200263
"312","united-states","2013",98.3333333333333,"IXIC",0.306082191319779,"united-states",0.000705553520304969,"US","united-states",2013,1.84208107064158,16.1029578354008,184.9487811,1.75491578501162,202.0151602,1.13889660200263
"313","united-states","2014",100,"DJI",0.0933889836844794,"united-states",0.201171477770396,"US","united-states",2014,2.52597344637341,16.0263790723251,191.5784166,1.84982747081428,207.2508754,1.77683770330539
"314","united-states","2014",100,"GSPC",0.119152484896238,"united-states",0.201171477770396,"US","united-states",2014,2.52597344637341,16.0263790723251,191.5784166,1.84982747081428,207.2508754,1.77683770330539
"315","united-states","2014",100,"IXIC",0.129477559321636,"united-states",0.201171477770396,"US","united-states",2014,2.52597344637341,16.0263790723251,191.5784166,1.84982747081428,207.2508754,1.77683770330539
"316","united-states","2015",100,"DJI",-0.0407020393178127,"united-states",0.0426797606953381,"US","united-states",2015,3.0755146497898,15.535342110601,183.8562058,0.952531532798019,192.1649329,2.31944145566627
"317","united-states","2015",100,"GSPC",-0.0274437467227592,"united-states",0.0426797606953381,"US","united-states",2015,3.0755146497898,15.535342110601,183.8562058,0.952531532798019,192.1649329,2.31944145566627
"318","united-states","2015",100,"IXIC",-0.00459308211122149,"united-states",0.0426797606953381,"US","united-states",2015,3.0755146497898,15.535342110601,183.8562058,0.952531532798019,192.1649329,2.31944145566627
"319","united-states","2016",100,"DJI",0.206348050372104,"united-states",0.0109558194671488,"US","united-states",2016,1.71142677366849,15.1317468158119,178.6829111,1.04924737000228,185.5706992,0.977012681566976
"320","united-states","2016",100,"GSPC",0.174530021412454,"united-states",0.0109558194671488,"US","united-states",2016,1.71142677366849,15.1317468158119,178.6829111,1.04924737000228,185.5706992,0.977012681566976
"321","united-states","2016",100,"IXIC",0.216916048440354,"united-states",0.0109558194671488,"US","united-states",2016,1.71142677366849,15.1317468158119,178.6829111,1.04924737000228,185.5706992,0.977012681566976
"322","united-states","2017",100,"DJI",0.316415241290227,"united-states",-0.137069916365934,"US","united-states",2017,2.33267939548638,14.8058824221278,191.2551179,1.88006787244998,197.7538565,1.68732140604138
"323","united-states","2017",100,"GSPC",0.239127249041021,"united-states",-0.137069916365934,"US","united-states",2017,2.33267939548638,14.8058824221278,191.2551179,1.88006787244998,197.7538565,1.68732140604138
"324","united-states","2017",100,"IXIC",0.319992364544408,"united-states",-0.137069916365934,"US","united-states",2017,2.33267939548638,14.8058824221278,191.2551179,1.88006787244998,197.7538565,1.68732140604138
"325","united-states","2018",100,"DJI",-0.0439673994506325,"united-states",0.080252658749364,"US","united-states",2018,2.99646435222829,15.2408745833286,207.5932185,2.40098111411591,212.8077752,2.45567919884604
"326","united-states","2018",100,"GSPC",-0.0423930641575776,"united-states",0.080252658749364,"US","united-states",2018,2.99646435222829,15.2408745833286,207.5932185,2.40098111411591,212.8077752,2.45567919884604
"327","united-states","2018",100,"IXIC",-0.0175052413755559,"united-states",0.080252658749364,"US","united-states",2018,2.99646435222829,15.2408745833286,207.5932185,2.40098111411591,212.8077752,2.45567919884604
"328","united-states","2019",100,"DJI",0.13025609478685,"united-states",0.041573808156232,"US","united-states",2019,2.16117651518969,NA,203.8787104,1.78515153743628,210.1449129,1.69701129870931
"329","united-states","2019",100,"GSPC",0.192825673275058,"united-states",0.041573808156232,"US","united-states",2019,2.16117651518969,NA,203.8787104,1.78515153743628,210.1449129,1.69701129870931
"330","united-states","2019",100,"IXIC",0.256696907048717,"united-states",0.041573808156232,"US","united-states",2019,2.16117651518969,NA,203.8787104,1.78515153743628,210.1449129,1.69701129870931
"331","united-states","2020",100,"DJI",0.0611051831045247,"united-states",-0.0914303676008337,"US","united-states",2020,-3.48614040819797,NA,NA,1.21128887945865,NA,-3.82422468464449
"332","united-states","2020",100,"GSPC",0.151516644438623,"united-states",-0.0914303676008337,"US","united-states",2020,-3.48614040819797,NA,NA,1.21128887945865,NA,-3.82422468464449
"333","united-states","2020",100,"IXIC",0.428343953278253,"united-states",-0.0914303676008337,"US","united-states",2020,-3.48614040819797,NA,NA,1.21128887945865,NA,-3.82422468464449
"334","united-states","2021",100,NA,NA,"united-states",NA,NA,NA,NA,NA,NA,NA,NA,NA,NA
